name,email,password
Fabian Banks,fbanks0@surveymonkey.com,iE6_d0vK9||<XJx%
Erin Plumtree,eplumtree1@washingtonpost.com,"nF8,$Hv7x3WyOk3Z"
Winfred Stimson,wstimson2@imgur.com,hC8$x|_qI
Patrizius Birkwood,pbirkwood3@purevolume.com,oW4_M1T.&~>!iJD
Aldridge Allsup,aallsup4@cdbaby.com,oX4~S''53A??
Benson Taffee,btaffee5@answers.com,jQ6=1QT?6(B
Basilius Corwood,bcorwood6@trellian.com,xV5%V>u1wmzt&AJ
Amity Christie,achristie7@google.pl,yJ4<o%Y39
Robinia Conrath,rconrath8@fotki.com,tU6)EXutUg%
Giovanna Saffrin,gsaffrin9@blogger.com,bU1}yh*Kj
Beverie Loosemore,bloosemorea@chicagotribune.com,gI3/'/WJ)
Terrijo Happs,thappsb@nasa.gov,"yK3""F?/_Vp"
Oswald Pell,opellc@bloglovin.com,vX7+lleR#<)'
Constancy Morillas,cmorillasd@g.co,"tA9,488JSX=Iha\"
Jenica Hackey,jhackeye@prnewswire.com,"yW0""7=*s{#==LP"
Cazzie Korda,ckordaf@msn.com,lL2+fn~U)y+O
Queenie Chalfain,qchalfaing@senate.gov,"hD2/\i6|&""Jh{_$R"
Libbi Gronaver,lgronaverh@php.net,"nH2>bZs""/FK01"
Timmi Eayrs,teayrsi@tuttocitta.it,xV3(STyX(UPy)`S(
Ilka Courtese,icourtesej@newsvine.com,qX2@h(#~!k})
Marisa Boriston,mboristonk@github.io,vX6.Kb`85t
Willamina Kenny,wkennyl@bigcartel.com,"sY6+Awaq,u"
Staci Aslet,sasletm@wp.com,cM3`>y4Y0
Leanna Ludmann,lludmannn@list-manage.com,cY2`KgdkyLh#ng
Theo Brounfield,tbrounfieldo@php.net,qT5<aU*_|!M
Alana Longden,alongdenp@walmart.com,xN1+9V6y)Z1
Munmro Pinck,mpinckq@ycombinator.com,zC8'Rr3!>+{zZs
Morrie Foskew,mfoskewr@techcrunch.com,tW5=m7sx4VJ/>d
Antoni Ramalhete,aramalhetes@businessinsider.com,rK5=0LoZUklXB
Elli Nucciotti,enucciottit@xing.com,aT5\#P!YNgk7tTn
